,0,1,2,3,4
0,0.04591519222440463,0.05481734358756045,0.04200078077881985,0.041166586875616994,0.05646656891751501
1,0.03960309718820054,0.034755199120089814,0.03372569343590632,0.042947743710563153,0.04336550670303406
2,0.03231457590925419,0.041163651402415805,0.03238465804304237,0.03559298903972249,0.03490128882990753
3,0.039999939831859815,0.031201518718003536,0.03551402598122001,0.033007065705310264,0.03522934203139019
4,0.03395458929002397,0.02929698129475702,0.04220564367077896,0.03745944144450798,0.030772548805126622
5,0.03299954003158882,0.033304276031285204,0.03300538681924952,0.03578649950353584,0.03899201650301126
6,0.031975698128291895,0.03918636472402133,0.032490910430469706,0.03417629838217153,0.03212768021885026
7,0.03294374855538964,0.0340312510468305,0.05012175434011095,0.03689242301418372,0.0333797511311361
8,0.033439833796912115,0.03431447394124668,0.029845635578620047,0.03365362336232709,0.029157787212073443
9,0.033664608055606594,0.030474946762788824,0.027704811878155357,0.031612709028211734,0.0306471496305854
10,0.029744866551540867,0.03248279210255189,0.033210700937898935,0.029894389102654663,0.026616783851485762
11,0.027819155759927938,0.02777360547560853,0.026784878854162187,0.03578988739618967,0.03127409334040622
12,0.029558987116360774,0.03658429999528731,0.02803295790371629,0.02969108739466395,0.03130764041217842
13,0.03644549549666047,0.032102990931232187,0.02797209897449744,0.03994317173262066,0.027641629104654446
14,0.03388589203895203,0.03604548927703887,0.027983577047432658,0.034361927367127135,0.028114836440892486
15,0.031023494518732448,0.029649081672360023,0.026527535342492324,0.03168814440406817,0.028714767714708395
16,0.03267631468192115,0.028989228595065468,0.026778191225078723,0.03844504972054903,0.037426439484239724
17,0.0287135331852189,0.031761194174594484,0.028360017328830277,0.027285401854164025,0.031089092785253545
18,0.0306268747078871,0.029258032719632607,0.024612606494907107,0.02953666465811433,0.03180544422582834
19,0.030980804036915863,0.036753344155289774,0.027608552512532063,0.031219653952268115,0.03316424877768189
20,0.02988077473081457,0.02839646500803854,0.027223878822962556,0.036864332794381595,0.03608524890691944
21,0.02756638025915308,0.0324296135600595,0.03557841164855007,0.02735653752805163,0.034540878645604
22,0.03263768484316834,0.03218013496879651,0.029736074867798674,0.03622136027238044,0.03423505113927271
23,0.029320372655302667,0.029876527795446778,0.026301486448992033,0.03248798656112108,0.030489192158790333
24,0.029667607696689337,0.03208032757445828,0.030258641357270664,0.027859502753287364,0.030514422253510157
25,0.025466480102780714,0.027141324147370118,0.026856695493943043,0.029093979561229902,0.029316723576898945
26,0.02623906731184104,0.02544057957064489,0.027511195742139345,0.032192870069415444,0.03376751402791965
27,0.02907263951450373,0.027801751304305993,0.031135932978072524,0.03382030996413826,0.0242534888218233
28,0.028462887605151147,0.025981110832514618,0.02924595918512346,0.030423799431432155,0.02525988144303454
29,0.030172550042306418,0.0276899727810729,0.029348696137129808,0.02840795807652431,0.03195527613645923
30,0.03289163206805846,0.029583936241638614,0.025420652570272245,0.03447959319498652,0.02814304535343112
31,0.025361733550854797,0.02960644522228204,0.02926471057192374,0.03019638696679766,0.028814384920948007
32,0.02390822793337421,0.02399357246786671,0.03396622039951057,0.03021780794124016,0.028891969105953583
33,0.02610377688336026,0.03033306513846266,0.03541588937266396,0.02470230770757227,0.024485363555294865
34,0.028923611244003153,0.030470040489646556,0.029233963294917405,0.026667842219943644,0.026348915656765844
35,0.025040939736033704,0.027820298164485033,0.026912495364350093,0.028386664148976077,0.024633320680140795
36,0.027270298250941932,0.02665144516908771,0.026685260953978943,0.029649839465476037,0.02235267686540987
37,0.03708832074504088,0.032279476882415115,0.0220977270080704,0.026925867099990355,0.02665262015344892
38,0.02442687175414413,0.029982930340188188,0.025748683217699925,0.03269936245100723,0.02987955428574131
39,0.023590893503426035,0.029785666305052014,0.032888837624752976,0.025027981945716885,0.02132058156279835
40,0.02271429638723824,0.031918791816812696,0.020319768374356117,0.028826636184521394,0.027015564300685135
41,0.023816081036234768,0.031036692029765924,0.022570306195894986,0.029481013104220095,0.029415734895463713
42,0.022171096644103452,0.03919585977417083,0.024498109392480063,0.025014808020603005,0.02075377624581572
43,0.025868631968496238,0.023652657489837813,0.022150510633332062,0.029803011771811775,0.026910145326419187
44,0.020752639618906662,0.028051700500682057,0.023591150109383365,0.02767675990310639,0.02617950999751317
45,0.0343978069923633,0.02366834075317126,0.024705231783854437,0.03297131625578714,0.040890491427799956
46,0.022923264639641262,0.023422094586935456,0.022969501997597334,0.02890859438114203,0.025311882079935705
47,0.029113144737912974,0.026991162161598588,0.025633465643118483,0.04126881748427128,0.022267626684962506
48,0.02531002622013371,0.027210639630805805,0.0289386303713853,0.022311503947923153,0.022404727364156194
49,0.030526115177068255,0.03310406331649007,0.02234198855913038,0.026485471410899682,0.02272793941745915
50,0.02113989169825417,0.02718467399520388,0.029601407781480026,0.025681993712057007,0.023291689335178164
51,0.024729236888286998,0.03019518698916684,0.02238978773424722,0.023880575252461074,0.02306619971519598
52,0.0213752441727362,0.02585064609042581,0.027159852648560256,0.023997753261043836,0.029163550955710604
53,0.030795829646461777,0.02439609104557409,0.025108138031169437,0.03325928118560888,0.02103892935825125
54,0.030204748860441364,0.028418629268297923,0.023749125077890385,0.02446850785466602,0.024502875197443763
55,0.02585764564936273,0.02263187842586278,0.028109838162309757,0.02740755576930463,0.02036706202774373
56,0.022963121443848367,0.02668816515204756,0.030761829444141135,0.023759104431005436,0.02854352881581795
57,0.028881781159620666,0.023293092523099163,0.02281447558593363,0.021268404580717236,0.023149090480815985
58,0.01919385010937317,0.0242268020661247,0.03728083320951866,0.02332289062079778,0.03258349432997196
59,0.03543783049601724,0.0205207078842088,0.023723774964703574,0.03442615643195878,0.025867408996536403
